
INSERT INTO employee (id, full_name, email, password, phone_number, position, avatar )
VALUES ('d06cb831-9427-41ee-adcc-271f7b02d629', 'Ruta Bartkute', 'ruta@cognizant.com', '$2a$10$cqCBacKxmGCkuSaKfdGEZeXNi8E4vGVOpdjWplv4W2dEo/zD.QZnO', '+370868700400', 'Full Stack Developer', 'https://upload.wikimedia.org/wikipedia/commons/b/ba/Anonymous_Hacker.png' ),
       ('d06cb831-9427-41ee-adcc-271f7b02d630', 'Tomas Baniulis', 'tomasb@cognizant.com', '$2a$10$sPi11IJmih8k7Eh5nGJVEuytg562C1IId..3rIEE6CmosUhQa/Lxq', '+370868700500', 'Full Stack Developer', 'https://upload.wikimedia.org/wikipedia/commons/f/f8/Wallpapersden.com_anonymous-hacker-working_1280x720.jpg' ),
       ('d06cb831-9427-41ee-adcc-271f7b02d631', 'Justinas Teselis', 'justinas@cognizant.com', '$2a$10$sPi11IJmih8k7Eh5nGJVEuytg562C1IId..3rIEE6CmosUhQa/Lxq', '+370868700600', 'Full Stack Developer', 'https://upload.wikimedia.org/wikipedia/commons/f/f0/Anonymous_%E2%80%93_CeBIT_2016_01.jpg' ),
       ('d06cb831-9427-41ee-adcc-271f7b02d632', 'Tomas Sakalauskas', 'tomass@cognizant.com', '$2a$10$8RT7hWdqLy/CYakYaIGhW.XllngTry/r2DobYGujIpj0AO69cdmqe', '+370868700700', 'Full Stack Developer', 'https://upload.wikimedia.org/wikipedia/commons/8/8a/Hacker-3342696_1920-1024x788.jpg' ),
       ('d06cb831-9427-41ee-adcc-271f7b02d633', 'Kostas Senikauskas', 'kostas@cognizant.com', '$2a$10$8RT7hWdqLy/CYakYaIGhW.XllngTry/r2DobYGujIpj0AO69cdmqe', '+370868700701', 'Full Stack Developer', 'https://upload.wikimedia.org/wikipedia/commons/a/af/Default_avatar_profile.jpg' ),
       ('d06cb831-9427-41ee-adcc-271f7b02d634', 'Domas Ramalavicius', 'domas@cognizant.com', '$2a$10$8RT7hWdqLy/CYakYaIGhW.XllngTry/r2DobYGujIpj0AO69cdmqe', '+370868700702', 'Front End Developer', 'https://upload.wikimedia.org/wikipedia/commons/a/af/Default_avatar_profile.jpg' ),
       ('d06cb831-9427-41ee-adcc-271f7b02d635', 'Jurate Kristenaite', 'jurate@cognizant.com', '$2a$10$8RT7hWdqLy/CYakYaIGhW.XllngTry/r2DobYGujIpj0AO69cdmqe', '+370868700703', 'Architect', 'https://upload.wikimedia.org/wikipedia/commons/a/af/Default_avatar_profile.jpg' ),
       ('d06cb831-9427-41ee-adcc-271f7b02d636', 'Dziugas Simantavicius', 'dziugas@cognizant.com', '$2a$10$8RT7hWdqLy/CYakYaIGhW.XllngTry/r2DobYGujIpj0AO69cdmqe', '+370868700704', 'Full Stack Developer', 'https://upload.wikimedia.org/wikipedia/commons/a/af/Default_avatar_profile.jpg' ),
       ('d06cb831-9427-41ee-adcc-271f7b02d637', 'Jolanta Vaisauske', 'jolanta@cognizant.com', '$2a$10$8RT7hWdqLy/CYakYaIGhW.XllngTry/r2DobYGujIpj0AO69cdmqe', '+370868700705', 'Back End Developer', 'https://upload.wikimedia.org/wikipedia/commons/a/af/Default_avatar_profile.jpg' ),
       ('d06cb831-9427-41ee-adcc-271f7b02d638', 'Regina Palubinsiene', 'regina@cognizant.com', '$2a$10$8RT7hWdqLy/CYakYaIGhW.XllngTry/r2DobYGujIpj0AO69cdmqe', '+370868700706', 'Front End Developer', 'https://upload.wikimedia.org/wikipedia/commons/a/af/Default_avatar_profile.jpg' ),
       ('d06cb831-9427-41ee-adcc-271f7b02d639', 'Henrikas Kapustauskas', 'henrikas@cognizant.com', '$2a$10$8RT7hWdqLy/CYakYaIGhW.XllngTry/r2DobYGujIpj0AO69cdmqe', '+370868700707', 'Full Stack Developer', 'https://upload.wikimedia.org/wikipedia/commons/a/af/Default_avatar_profile.jpg' ),
       ('d06cb831-9427-41ee-adcc-271f7b02d640', 'Sarune Jomaintyte', 'sarune@cognizant.com', '$2a$10$8RT7hWdqLy/CYakYaIGhW.XllngTry/r2DobYGujIpj0AO69cdmqe', '+370868700708', 'Front End Developer', 'https://upload.wikimedia.org/wikipedia/commons/a/af/Default_avatar_profile.jpg' ),
       ('d06cb831-9427-41ee-adcc-271f7b02d641', 'Rytis Topas', 'rytis@cognizant.com', '$2a$10$8RT7hWdqLy/CYakYaIGhW.XllngTry/r2DobYGujIpj0AO69cdmqe', '+370868700709', 'Full Stack Developer', 'https://upload.wikimedia.org/wikipedia/commons/a/af/Default_avatar_profile.jpg' ),
       ('d06cb831-9427-41ee-adcc-271f7b02d642', 'Irina Nevenkaite', 'irina@cognizant.com', '$2a$10$8RT7hWdqLy/CYakYaIGhW.XllngTry/r2DobYGujIpj0AO69cdmqe', '+370868700710', 'Back End Developer', 'https://upload.wikimedia.org/wikipedia/commons/a/af/Default_avatar_profile.jpg' ),
       ('d06cb831-9427-41ee-adcc-271f7b02d643', 'Edvinas Alikomskis', 'edvinas@cognizant.com', '$2a$10$8RT7hWdqLy/CYakYaIGhW.XllngTry/r2DobYGujIpj0AO69cdmqe', '+370868700711', 'Full Stack Developer', 'https://upload.wikimedia.org/wikipedia/commons/a/af/Default_avatar_profile.jpg' ),
       ('d06cb831-9427-41ee-adcc-271f7b02d644', 'Stasys Mustaika', 'stasys@cognizant.com', '$2a$10$8RT7hWdqLy/CYakYaIGhW.XllngTry/r2DobYGujIpj0AO69cdmqe', '+370868700712', 'Front End Developer', 'https://upload.wikimedia.org/wikipedia/commons/a/af/Default_avatar_profile.jpg' ),
       ('d06cb831-9427-41ee-adcc-271f7b02d645', 'Romualdas Klova', 'romualdas@cognizant.com', '$2a$10$8RT7hWdqLy/CYakYaIGhW.XllngTry/r2DobYGujIpj0AO69cdmqe', '+370868700713', 'Full Stack Developer', 'https://upload.wikimedia.org/wikipedia/commons/a/af/Default_avatar_profile.jpg' ),
       ('d06cb831-9427-41ee-adcc-271f7b02d646', 'Jurgis Nevertavicius', 'jurgis@cognizant.com', '$2a$10$8RT7hWdqLy/CYakYaIGhW.XllngTry/r2DobYGujIpj0AO69cdmqe', '+370868700714', 'BA', 'https://upload.wikimedia.org/wikipedia/commons/a/af/Default_avatar_profile.jpg' ),
       ('d06cb831-9427-41ee-adcc-271f7b02d647', 'Gediminas Alikonis', 'gediminas@cognizant.com', '$2a$10$8RT7hWdqLy/CYakYaIGhW.XllngTry/r2DobYGujIpj0AO69cdmqe', '+370868700715', 'Full Stack Developer', 'https://upload.wikimedia.org/wikipedia/commons/a/af/Default_avatar_profile.jpg' ),
       ('d06cb831-9427-41ee-adcc-271f7b02d648', 'Indre Makare', 'indre@cognizant.com', '$2a$10$8RT7hWdqLy/CYakYaIGhW.XllngTry/r2DobYGujIpj0AO69cdmqe', '+370868700716', 'Manager', 'https://upload.wikimedia.org/wikipedia/commons/a/af/Default_avatar_profile.jpg' ),
       ('d06cb831-9427-41ee-adcc-271f7b02d649', 'Inga Stepankeviciene', 'inga@cognizant.com', '$2a$10$8RT7hWdqLy/CYakYaIGhW.XllngTry/r2DobYGujIpj0AO69cdmqe', '+370868700717', 'Full Stack Developer', 'https://upload.wikimedia.org/wikipedia/commons/a/af/Default_avatar_profile.jpg' ),
       ('d06cb831-9427-41ee-adcc-271f7b02d650', 'Renata Tomilkina', 'renata@cognizant.com', '$2a$10$8RT7hWdqLy/CYakYaIGhW.XllngTry/r2DobYGujIpj0AO69cdmqe', '+370868700718', 'Back End Developer', 'https://upload.wikimedia.org/wikipedia/commons/a/af/Default_avatar_profile.jpg' ),
       ('d06cb831-9427-41ee-adcc-271f7b02d651', 'Eimantas Kantavicius', 'eimantas@cognizant.com', '$2a$10$8RT7hWdqLy/CYakYaIGhW.XllngTry/r2DobYGujIpj0AO69cdmqe', '+370868700719', 'Front End Developer', 'https://upload.wikimedia.org/wikipedia/commons/a/af/Default_avatar_profile.jpg' ),
       ('d06cb831-9427-41ee-adcc-271f7b02d652', 'Erikas Simas', 'erikas@cognizant.com', '$2a$10$8RT7hWdqLy/CYakYaIGhW.XllngTry/r2DobYGujIpj0AO69cdmqe', '+370868700720', 'BA', 'https://upload.wikimedia.org/wikipedia/commons/a/af/Default_avatar_profile.jpg' );

INSERT INTO address (id, street, post_code, state_province, city, country_id, employee_id)
VALUES ('25a95af7-8b83-4a08-8001-0f865db8ea34', 'Grazuoliu al. 10-10', 'LT44201', 'Kauno raj.', 'Kaunas', '48a95af7-8b83-4a08-8001-0f865db8ea25', 'd06cb831-9427-41ee-adcc-271f7b02d629'),
       ('25a95af7-8b83-4a08-8001-0f865db8ea35', 'Zalio kalno g. 124-7', 'LT45207', 'Kauno raj.', 'Kaunas', '48a95af7-8b83-4a08-8001-0f865db8ea25', 'd06cb831-9427-41ee-adcc-271f7b02d630'),
       ('25a95af7-8b83-4a08-8001-0f865db8ea36', 'Partizanu g. 200-1', 'LT45209', 'Kauno raj.', 'Kaunas', '48a95af7-8b83-4a08-8001-0f865db8ea25', 'd06cb831-9427-41ee-adcc-271f7b02d631'),
       ('25a95af7-8b83-4a08-8001-0f865db8ea37', 'Sakalu pl. 87', 'LT5525', 'Kauno raj.', 'Kaunas', '48a95af7-8b83-4a08-8001-0f865db8ea25', 'd06cb831-9427-41ee-adcc-271f7b02d632'),
       ('25a95af7-8b83-4a08-8001-0f865db8ea38', 'Lapu g. 87-4', 'LT55552', 'Kauno raj.', 'Kaunas', '48a95af7-8b83-4a08-8001-0f865db8ea25', 'd06cb831-9427-41ee-adcc-271f7b02d633'),
       ('25a95af7-8b83-4a08-8001-0f865db8ea39', 'Jovaru g. 2-15', 'LT12578', 'Kauno raj.', 'Kaunas', '48a95af7-8b83-4a08-8001-0f865db8ea25', 'd06cb831-9427-41ee-adcc-271f7b02d634'),
       ('25a95af7-8b83-4a08-8001-0f865db8ea40', 'Mesku g. 47-4A', 'LT44687', 'Kauno raj.', 'Kaunas', '48a95af7-8b83-4a08-8001-0f865db8ea25', 'd06cb831-9427-41ee-adcc-271f7b02d635'),
       ('25a95af7-8b83-4a08-8001-0f865db8ea41', 'Olandu g. 7-14', 'LT25255', 'Kauno raj.', 'Kaunas', '48a95af7-8b83-4a08-8001-0f865db8ea25', 'd06cb831-9427-41ee-adcc-271f7b02d636'),
       ('25a95af7-8b83-4a08-8001-0f865db8ea42', 'Inkaro g. 8B', 'LT44789', 'Kauno raj.', 'Kaunas', '48a95af7-8b83-4a08-8001-0f865db8ea25', 'd06cb831-9427-41ee-adcc-271f7b02d637'),
       ('25a95af7-8b83-4a08-8001-0f865db8ea43', 'Justiniskiu g. 8B', 'LT44189', 'Vilniaus raj.', 'Vilnius', '48a95af7-8b83-4a08-8001-0f865db8ea25', 'd06cb831-9427-41ee-adcc-271f7b02d638'),
       ('25a95af7-8b83-4a08-8001-0f865db8ea44', 'Laisves pr. 145-45', 'LT44999', 'Vilniaus raj.', 'Vilnius', '48a95af7-8b83-4a08-8001-0f865db8ea25', 'd06cb831-9427-41ee-adcc-271f7b02d639'),
       ('25a95af7-8b83-4a08-8001-0f865db8ea45', 'Gelezinio vilko pr. 8B', 'LT49989', 'Vilniaus raj.', 'Vilnius', '48a95af7-8b83-4a08-8001-0f865db8ea25', 'd06cb831-9427-41ee-adcc-271f7b02d640'),
       ('25a95af7-8b83-4a08-8001-0f865db8ea46', 'Lvivo g. 8B-4', 'LT87444', 'Vilniaus raj.', 'Vilnius', '48a95af7-8b83-4a08-8001-0f865db8ea25', 'd06cb831-9427-41ee-adcc-271f7b02d641'),
       ('25a95af7-8b83-4a08-8001-0f865db8ea47', 'Ozo g. 87-4', 'LT21211', 'Vilniaus raj.', 'Vilnius', '48a95af7-8b83-4a08-8001-0f865db8ea25', 'd06cb831-9427-41ee-adcc-271f7b02d642'),
       ('25a95af7-8b83-4a08-8001-0f865db8ea48', 'Nowy Świat ul. 187-24', '00-001', 'Mazowieckie', 'Warsaw', '48a95af7-8b83-4a08-8001-0f865db8ea27', 'd06cb831-9427-41ee-adcc-271f7b02d643'),
       ('25a95af7-8b83-4a08-8001-0f865db8ea49', 'Aleje Jerozolimskie 100-1', '212-11', 'Mazowieckie', 'Warsaw', '48a95af7-8b83-4a08-8001-0f865db8ea27', 'd06cb831-9427-41ee-adcc-271f7b02d644'),
       ('25a95af7-8b83-4a08-8001-0f865db8ea50', 'Marszałkowska ul. 871', '11-455', 'Mazowieckie', 'Warsaw', '48a95af7-8b83-4a08-8001-0f865db8ea27', 'd06cb831-9427-41ee-adcc-271f7b02d645'),
       ('25a95af7-8b83-4a08-8001-0f865db8ea51', '123 Main St', '6045145', 'IL', 'Chicago', '48a95af7-8b83-4a08-8001-0f865db8ea26', 'd06cb831-9427-41ee-adcc-271f7b02d646'),
       ('25a95af7-8b83-4a08-8001-0f865db8ea52', '456 Oak Ave', '6044401', 'IL', 'Chicago', '48a95af7-8b83-4a08-8001-0f865db8ea26', 'd06cb831-9427-41ee-adcc-271f7b02d647'),
       ('25a95af7-8b83-4a08-8001-0f865db8ea53', '789 Pine Blvd', '6579634', 'IL', 'Chicago', '48a95af7-8b83-4a08-8001-0f865db8ea26', 'd06cb831-9427-41ee-adcc-271f7b02d648'),
       ('25a95af7-8b83-4a08-8001-0f865db8ea54', '101 Maple Ln', '6552554', 'IL', 'Chicago', '48a95af7-8b83-4a08-8001-0f865db8ea26', 'd06cb831-9427-41ee-adcc-271f7b02d649'),
       ('25a95af7-8b83-4a08-8001-0f865db8ea55', '202 Elm St', '6575864', 'IL', 'Chicago', '48a95af7-8b83-4a08-8001-0f865db8ea26', 'd06cb831-9427-41ee-adcc-271f7b02d650'),
       ('25a95af7-8b83-4a08-8001-0f865db8ea56', '303 Birch Ave', '6565555', 'IL', 'Chicago', '48a95af7-8b83-4a08-8001-0f865db8ea26', 'd06cb831-9427-41ee-adcc-271f7b02d651'),
       ('25a95af7-8b83-4a08-8001-0f865db8ea57', '404 Cedar Blvd', '6568682', 'IL', 'Chicago', '48a95af7-8b83-4a08-8001-0f865db8ea26', 'd06cb831-9427-41ee-adcc-271f7b02d652');


INSERT INTO roles (role_type, employee_id)
VALUES ('USER', 'd06cb831-9427-41ee-adcc-271f7b02d629'),
       ('USER', 'd06cb831-9427-41ee-adcc-271f7b02d630'),
       ('USER', 'd06cb831-9427-41ee-adcc-271f7b02d631'),
       ('USER', 'd06cb831-9427-41ee-adcc-271f7b02d632'),
       ('USER', 'd06cb831-9427-41ee-adcc-271f7b02d633'),
       ('USER', 'd06cb831-9427-41ee-adcc-271f7b02d634'),
       ('USER', 'd06cb831-9427-41ee-adcc-271f7b02d635'),
       ('USER', 'd06cb831-9427-41ee-adcc-271f7b02d636'),
       ('USER', 'd06cb831-9427-41ee-adcc-271f7b02d637'),
       ('USER', 'd06cb831-9427-41ee-adcc-271f7b02d638'),
       ('USER', 'd06cb831-9427-41ee-adcc-271f7b02d639'),
       ('USER', 'd06cb831-9427-41ee-adcc-271f7b02d640'),
       ('USER', 'd06cb831-9427-41ee-adcc-271f7b02d641'),
       ('USER', 'd06cb831-9427-41ee-adcc-271f7b02d642'),
       ('USER', 'd06cb831-9427-41ee-adcc-271f7b02d643'),
       ('USER', 'd06cb831-9427-41ee-adcc-271f7b02d644'),
       ('USER', 'd06cb831-9427-41ee-adcc-271f7b02d645'),
       ('USER', 'd06cb831-9427-41ee-adcc-271f7b02d646'),
       ('USER', 'd06cb831-9427-41ee-adcc-271f7b02d647'),
       ('USER', 'd06cb831-9427-41ee-adcc-271f7b02d648'),
       ('USER', 'd06cb831-9427-41ee-adcc-271f7b02d649'),
       ('USER', 'd06cb831-9427-41ee-adcc-271f7b02d650'),
       ('USER', 'd06cb831-9427-41ee-adcc-271f7b02d651'),
       ('USER', 'd06cb831-9427-41ee-adcc-271f7b02d652');


INSERT INTO employee_office (employee_id, office_id)
VALUES('d06cb831-9427-41ee-adcc-271f7b02d629', '48a95af7-8b83-4a08-8001-0f865db8ea28'),
      ('d06cb831-9427-41ee-adcc-271f7b02d630', '48a95af7-8b83-4a08-8001-0f865db8ea28'),
      ('d06cb831-9427-41ee-adcc-271f7b02d631', '48a95af7-8b83-4a08-8001-0f865db8ea28'),
      ('d06cb831-9427-41ee-adcc-271f7b02d632', '48a95af7-8b83-4a08-8001-0f865db8ea28'),
      ('d06cb831-9427-41ee-adcc-271f7b02d633', '48a95af7-8b83-4a08-8001-0f865db8ea28'),
      ('d06cb831-9427-41ee-adcc-271f7b02d634', '48a95af7-8b83-4a08-8001-0f865db8ea28'),
      ('d06cb831-9427-41ee-adcc-271f7b02d635', '48a95af7-8b83-4a08-8001-0f865db8ea28'),
      ('d06cb831-9427-41ee-adcc-271f7b02d636', '48a95af7-8b83-4a08-8001-0f865db8ea28'),
      ('d06cb831-9427-41ee-adcc-271f7b02d637', '48a95af7-8b83-4a08-8001-0f865db8ea28'),
      ('d06cb831-9427-41ee-adcc-271f7b02d638', '48a95af7-8b83-4a08-8001-0f865db8ea29'),
      ('d06cb831-9427-41ee-adcc-271f7b02d639', '48a95af7-8b83-4a08-8001-0f865db8ea29'),
      ('d06cb831-9427-41ee-adcc-271f7b02d640', '48a95af7-8b83-4a08-8001-0f865db8ea29'),
      ('d06cb831-9427-41ee-adcc-271f7b02d641', '48a95af7-8b83-4a08-8001-0f865db8ea29'),
      ('d06cb831-9427-41ee-adcc-271f7b02d642', '48a95af7-8b83-4a08-8001-0f865db8ea29'),
      ('d06cb831-9427-41ee-adcc-271f7b02d643', '48a95af7-8b83-4a08-8001-0f865db8ea30'),
      ('d06cb831-9427-41ee-adcc-271f7b02d644', '48a95af7-8b83-4a08-8001-0f865db8ea30'),
      ('d06cb831-9427-41ee-adcc-271f7b02d645', '48a95af7-8b83-4a08-8001-0f865db8ea30'),
      ('d06cb831-9427-41ee-adcc-271f7b02d646', '48a95af7-8b83-4a08-8001-0f865db8ea31'),
      ('d06cb831-9427-41ee-adcc-271f7b02d647', '48a95af7-8b83-4a08-8001-0f865db8ea31'),
      ('d06cb831-9427-41ee-adcc-271f7b02d648', '48a95af7-8b83-4a08-8001-0f865db8ea31'),
      ('d06cb831-9427-41ee-adcc-271f7b02d649', '48a95af7-8b83-4a08-8001-0f865db8ea31'),
      ('d06cb831-9427-41ee-adcc-271f7b02d650', '48a95af7-8b83-4a08-8001-0f865db8ea31'),
      ('d06cb831-9427-41ee-adcc-271f7b02d651', '48a95af7-8b83-4a08-8001-0f865db8ea31'),
      ('d06cb831-9427-41ee-adcc-271f7b02d652', '48a95af7-8b83-4a08-8001-0f865db8ea31');
